{
"lengthUnit": "mil",
"components": {
	"fields": ["COMPONENT_NO", "COMPONENT_NAME", "LAYER", "X_COORDINATE", "Y_COORDINATE", "ANGLE"],
	"rows": [
		[1, "D1", "B", 1933.07, 1082.68, 0],
		[2, "D2", "B", 2003.94, 1082.67, 180],
		[3, "D3", "B", 2003.93, 334.64, 180],
		[4, "D4", "B", 1933.07, 334.64, 0],
		[5, "LED1", "B", 1850.39, 708.66, 270],
		[6, "R66", "B", 1968.5, 472.44, 0],
		[7, "R68", "B", 1854.33, 334.65, 270],
		[8, "R72", "B", 1952.76, 275.59, 90],
		[9, "R73", "B", 1984.25, 1141.73, 270],
		[10, "R75", "B", 1952.75, 1141.73, 270],
		[11, "R77", "B", 1984.25, 275.59, 90],
		[12, "R117", "T", 78.74, 444.88, 180],
		[13, "R119", "T", 78.74, 972.44, 0],
		[14, "R120", "T", 78.74, 940.95, 180],
		[15, "R121", "B", 1968.5, 511.81, 180],
		[16, "R122", "B", 1968.51, 905.51, 0],
		[17, "R123", "B", 1968.51, 944.88, 180],
		[18, "R124", "B", 1889.76, 708.66, 90],
		[19, "R125", "T", 78.74, 476.38, 180],
		[20, "SW1", "T", 78.74, 314.96, 90],
		[21, "SW2", "T", 78.74, 1102.36, 270],
		[22, "U1", "B", 1771.65, 118.11, 180],
		[23, "U2", "T", 196.85, 118.11, 0],
		[24, "U3", "T", 78.74, 535.43, 0],
		[25, "U4", "T", 1968.5, 708.66, 270],
		[26, "USB1", "T", 1948.82, 393.7, 90],
		[27, "USB2", "T", 1948.82, 1023.62, 90],
		[28, "PAD1", "B", 59.06, 787.4, 0],
		[29, "PAD2", "B", 59.06, 708.66, 0],
		[30, "PAD3", "B", 59.06, 629.92, 0],
		[31, "PAD4", "T", 1889.76, 748.03, 0],
		[32, "PAD5", "T", 1889.76, 669.29, 0],
		[33, "PAD6", "T", 1374.8, 1370.08, 0],
		[34, "PAD7", "T", 1474.8, 1370.08, 0],
		[35, "PAD8", "T", 1574.8, 1370.08, 0]
	]
},
"pins": {
	"fields": ["PIN_NO", "PIN_NAME", "PIN_X", "PIN_Y", "LAYER", "PIN_TYPE", "NET_NAME", "NET_TYPE", "PAD_SHAPE", "PAD_SIZEX", "PAD_SIZEY", "HOLE_SIZE", "PAD_ANGLE"],
	"rows": [
		[1, "D1_1", 1916.03, 1082.68, "B", "SMD", "GND", "GND", "R", 22.27, 21.26, 0, 0],
		[2, "D1_2", 1950.11, 1082.68, "B", "SMD", "USB_HOST2_P", "", "R", 22.27, 21.26, 0, 0],
		[3, "D2_1", 2020.98, 1082.67, "B", "SMD", "GND", "GND", "R", 22.27, 21.26, 0, 180],
		[4, "D2_2", 1986.9, 1082.67, "B", "SMD", "USB_HOST2_N", "", "R", 22.27, 21.26, 0, 180],
		[5, "D3_1", 2020.97, 334.64, "B", "SMD", "GND", "GND", "R", 22.27, 21.26, 0, 180],
		[6, "D3_2", 1986.89, 334.64, "B", "SMD", "USB_OTG0_N", "", "R", 22.27, 21.26, 0, 180],
		[7, "D4_1", 1916.03, 334.64, "B", "SMD", "GND", "GND", "R", 22.27, 21.26, 0, 0],
		[8, "D4_2", 1950.11, 334.64, "B", "SMD", "USB_OTG0_P", "", "R", 22.27, 21.26, 0, 0],
		[9, "LED1_1", 1850.53, 740.14, "B", "SMD", "$LED1_1", "", "R", 31.5, 31.5, 0, 180],
		[10, "LED1_2", 1850.26, 677.19, "B", "SMD", "VCC_5V", "", "R", 31.5, 31.5, 0, 180],
		[11, "R66_1", 1951.46, 472.44, "B", "SMD", "$R66_1", "", "R", 22.27, 21.26, 0, 0],
		[12, "R66_2", 1985.54, 472.44, "B", "SMD", "GND", "GND", "R", 22.27, 21.26, 0, 0],
		[13, "R68_1", 1854.33, 351.69, "B", "SMD", "USB_OTG0_VBUSDET", "", "R", 22.27, 21.26, 0, 270],
		[14, "R68_2", 1854.33, 317.61, "B", "SMD", "VCC_5V", "", "R", 22.27, 21.26, 0, 270],
		[15, "R72_1", 1952.76, 258.55, "B", "SMD", "USB_OTG_DP", "", "R", 22.27, 21.26, 0, 90],
		[16, "R72_2", 1952.76, 292.63, "B", "SMD", "USB_OTG0_P", "", "R", 22.27, 21.26, 0, 90],
		[17, "R73_1", 1984.25, 1158.77, "B", "SMD", "USB2_HOST2_DM", "", "R", 22.27, 21.26, 0, 270],
		[18, "R73_2", 1984.25, 1124.69, "B", "SMD", "USB_HOST2_N", "", "R", 22.27, 21.26, 0, 270],
		[19, "R75_1", 1952.75, 1158.77, "B", "SMD", "USB2_HOST2_DP", "", "R", 22.27, 21.26, 0, 270],
		[20, "R75_2", 1952.75, 1124.69, "B", "SMD", "USB_HOST2_P", "", "R", 22.27, 21.26, 0, 270],
		[21, "R77_1", 1984.25, 258.55, "B", "SMD", "USB_OTG_DM", "", "R", 22.27, 21.26, 0, 90],
		[22, "R77_2", 1984.25, 292.63, "B", "SMD", "USB_OTG0_N", "", "R", 22.27, 21.26, 0, 90],
		[23, "R117_1", 95.78, 444.88, "T", "SMD", "RESETN", "", "R", 22.27, 21.26, 0, 180],
		[24, "R117_2", 61.7, 444.88, "T", "SMD", "$R117_2", "", "R", 22.27, 21.26, 0, 180],
		[25, "R119_1", 61.7, 972.44, "T", "SMD", "$R119_1", "", "R", 22.27, 21.26, 0, 0],
		[26, "R119_2", 95.78, 972.44, "T", "SMD", "SARADC_VIN0", "", "R", 22.27, 21.26, 0, 0],
		[27, "R120_1", 95.78, 940.95, "T", "SMD", "VCCA_1V8", "", "R", 22.27, 21.26, 0, 180],
		[28, "R120_2", 61.7, 940.95, "T", "SMD", "$R119_1", "", "R", 22.27, 21.26, 0, 180],
		[29, "R121_1", 1985.54, 511.81, "B", "SMD", "GND", "GND", "R", 22.27, 21.26, 0, 180],
		[30, "R121_2", 1951.46, 511.81, "B", "SMD", "$R121_2", "", "R", 22.27, 21.26, 0, 180],
		[31, "R122_1", 1951.47, 905.51, "B", "SMD", "$R122_1", "", "R", 22.27, 21.26, 0, 0],
		[32, "R122_2", 1985.55, 905.51, "B", "SMD", "GND", "GND", "R", 22.27, 21.26, 0, 0],
		[33, "R123_1", 1985.55, 944.88, "B", "SMD", "GND", "GND", "R", 22.27, 21.26, 0, 180],
		[34, "R123_2", 1951.47, 944.88, "B", "SMD", "$R123_2", "", "R", 22.27, 21.26, 0, 180],
		[35, "R124_1", 1889.76, 691.62, "B", "SMD", "$LED1_1", "", "R", 22.27, 21.26, 0, 90],
		[36, "R124_2", 1889.76, 725.7, "B", "SMD", "LED", "", "R", 22.27, 21.26, 0, 90],
		[37, "R125_1", 95.78, 476.38, "T", "SMD", "$R125_1", "", "R", 22.27, 21.26, 0, 180],
		[38, "R125_2", 61.7, 476.38, "T", "SMD", "GND", "GND", "R", 22.27, 21.26, 0, 180],
		[39, "SW1_1", 78.74, 228.94, "T", "SMD", "$R117_2", "", "R", 48.42, 53.54, 0, 90],
		[40, "SW1_2", 78.74, 400.98, "T", "SMD", "GND", "GND", "R", 48.42, 53.54, 0, 90],
		[41, "SW2_1", 78.74, 1188.38, "T", "SMD", "$R119_1", "", "R", 48.42, 53.54, 0, 270],
		[42, "SW2_2", 78.74, 1016.34, "T", "SMD", "GND", "GND", "R", 48.42, 53.54, 0, 270],
		[43, "U1_1", 1771.65, 1200.79, "B", "SMD", "U1_1", "", "O", 47.24, 27.56, 0, 0],
		[44, "U1_2", 1771.65, 1161.42, "B", "SMD", "VDDA0V9_IMAGE", "", "O", 47.24, 27.56, 0, 0],
		[45, "U1_3", 1771.65, 1122.05, "B", "SMD", "VCCA1V8_IMAGE", "", "O", 47.24, 27.56, 0, 0],
		[46, "U1_4", 1771.65, 1082.68, "B", "SMD", "U1_4", "", "O", 47.24, 27.56, 0, 0],
		[47, "U1_5", 1771.65, 1043.31, "B", "SMD", "U1_5", "", "O", 47.24, 27.56, 0, 0],
		[48, "U1_6", 1771.65, 1003.94, "B", "SMD", "U1_6", "", "O", 47.24, 27.56, 0, 0],
		[49, "U1_7", 1771.65, 964.57, "B", "SMD", "VCC_1V8", "", "O", 47.24, 27.56, 0, 0],
		[50, "U1_8", 1771.65, 925.2, "B", "SMD", "U1_8", "", "O", 47.24, 27.56, 0, 0],
		[51, "U1_9", 1771.65, 885.83, "B", "SMD", "U1_9", "", "O", 47.24, 27.56, 0, 0],
		[52, "U1_10", 1771.65, 846.46, "B", "SMD", "U1_10", "", "O", 47.24, 27.56, 0, 0],
		[53, "U1_11", 1771.65, 807.09, "B", "SMD", "U1_11", "", "O", 47.24, 27.56, 0, 0],
		[54, "U1_12", 1771.65, 767.72, "B", "SMD", "U1_12", "", "O", 47.24, 27.56, 0, 0],
		[55, "U1_13", 1771.65, 728.35, "B", "SMD", "U1_13", "", "O", 47.24, 27.56, 0, 0],
		[56, "U1_14", 1771.65, 688.98, "B", "SMD", "U1_14", "", "O", 47.24, 27.56, 0, 0],
		[57, "U1_15", 1771.65, 649.61, "B", "SMD", "U1_15", "", "O", 47.24, 27.56, 0, 0],
		[58, "U1_16", 1771.65, 610.24, "B", "SMD", "I2C0_SDA_PMIC", "", "O", 47.24, 27.56, 0, 0],
		[59, "U1_17", 1771.65, 570.87, "B", "SMD", "I2C0_SCL_PMIC", "", "O", 47.24, 27.56, 0, 0],
		[60, "U1_18", 1771.65, 531.5, "B", "SMD", "VCC3V3_PMU", "", "O", 47.24, 27.56, 0, 0],
		[61, "U1_19", 1771.65, 492.13, "B", "SMD", "RESETN", "", "O", 47.24, 27.56, 0, 0],
		[62, "U1_20", 1771.65, 452.76, "B", "SMD", "U1_20", "", "O", 47.24, 27.56, 0, 0],
		[63, "U1_21", 1771.65, 413.39, "B", "SMD", "PMIC_INT_L", "", "O", 47.24, 27.56, 0, 0],
		[64, "U1_22", 1771.65, 374.02, "B", "SMD", "PMIC_SLEEP_H", "", "O", 47.24, 27.56, 0, 0],
		[65, "U1_23", 1771.65, 334.65, "B", "SMD", "USB_OTG0_VBUSDET", "", "O", 47.24, 27.56, 0, 0],
		[66, "U1_24", 1771.65, 295.28, "B", "SMD", "USB_OTG_DM", "", "O", 47.24, 27.56, 0, 0],
		[67, "U1_25", 1771.65, 255.91, "B", "SMD", "USB_OTG_DP", "", "O", 47.24, 27.56, 0, 0],
		[68, "U1_26", 1771.65, 216.53, "B", "SMD", "UART1_TX_M0", "", "O", 47.24, 27.56, 0, 0],
		[69, "U1_27", 1673.23, 118.11, "B", "SMD", "UART1_CTSN_M0", "", "O", 47.24, 27.56, 0, 270],
		[70, "U1_28", 1633.86, 118.11, "B", "SMD", "UART1_RTSN_M0", "", "O", 47.24, 27.56, 0, 270],
		[71, "U1_29", 1594.49, 118.11, "B", "SMD", "I2S2_SDI_M0", "", "O", 47.24, 27.56, 0, 270],
		[72, "U1_30", 1555.12, 118.11, "B", "SMD", "BT_REG_ON_H", "", "O", 47.24, 27.56, 0, 270],
		[73, "U1_31", 1515.75, 118.11, "B", "SMD", "I2S2_SCLK_TX_M0", "", "O", 47.24, 27.56, 0, 270],
		[74, "U1_32", 1476.38, 118.11, "B", "SMD", "VDD_NPU_BACK", "", "O", 47.24, 27.56, 0, 270],
		[75, "U1_33", 1437.01, 118.11, "B", "SMD", "VDD_NPU", "", "O", 47.24, 27.56, 0, 270],
		[76, "U1_34", 1397.64, 118.11, "B", "SMD", "VDD_NPU", "", "O", 47.24, 27.56, 0, 270],
		[77, "U1_35", 1358.27, 118.11, "B", "SMD", "VDD_NPU", "", "O", 47.24, 27.56, 0, 270],
		[78, "U1_36", 1318.9, 118.11, "B", "SMD", "VDD_NPU", "", "O", 47.24, 27.56, 0, 270],
		[79, "U1_37", 1279.53, 118.11, "B", "SMD", "BT_WAKE_HOST_H", "", "O", 47.24, 27.56, 0, 270],
		[80, "U1_38", 1240.16, 118.11, "B", "SMD", "HOST_WAKE_BT_H", "", "O", 47.24, 27.56, 0, 270],
		[81, "U1_39", 1200.79, 118.11, "B", "SMD", "SDMMC1_CMD", "", "O", 47.24, 27.56, 0, 270],
		[82, "U1_40", 1161.42, 118.11, "B", "SMD", "WIFI_REG_ON_H", "", "O", 47.24, 27.56, 0, 270],
		[83, "U1_41", 1122.05, 118.11, "B", "SMD", "WIFI_WAKE_HOST_H", "", "O", 47.24, 27.56, 0, 270],
		[84, "U1_42", 1082.68, 118.11, "B", "SMD", "VDD_CPU", "", "O", 47.24, 27.56, 0, 270],
		[85, "U1_43", 1043.31, 118.11, "B", "SMD", "VDD_CPU", "", "O", 47.24, 27.56, 0, 270],
		[86, "U1_44", 1003.94, 118.11, "B", "SMD", "VDD_CPU", "", "O", 47.24, 27.56, 0, 270],
		[87, "U1_45", 964.57, 118.11, "B", "SMD", "VDD_CPU", "", "O", 47.24, 27.56, 0, 270],
		[88, "U1_46", 925.2, 118.11, "B", "SMD", "VDD_CPU_BACK", "", "O", 47.24, 27.56, 0, 270],
		[89, "U1_47", 885.83, 118.11, "B", "SMD", "EMMC_D4", "", "O", 47.24, 27.56, 0, 270],
		[90, "U1_48", 846.46, 118.11, "B", "SMD", "EMMC_D7", "", "O", 47.24, 27.56, 0, 270],
		[91, "U1_49", 807.09, 118.11, "B", "SMD", "EMMC_D0", "", "O", 47.24, 27.56, 0, 270],
		[92, "U1_50", 767.72, 118.11, "B", "SMD", "EMMC_D2", "", "O", 47.24, 27.56, 0, 270],
		[93, "U1_51", 728.35, 118.11, "B", "SMD", "EMMC_D6", "", "O", 47.24, 27.56, 0, 270],
		[94, "U1_52", 688.98, 118.11, "B", "SMD", "EMMC_D5", "", "O", 47.24, 27.56, 0, 270],
		[95, "U1_53", 649.61, 118.11, "B", "SMD", "EMMC_CLKOUT", "", "O", 47.24, 27.56, 0, 270],
		[96, "U1_54", 610.24, 118.11, "B", "SMD", "EMMC_D3", "", "O", 47.24, 27.56, 0, 270],
		[97, "U1_55", 570.87, 118.11, "B", "SMD", "EMMC_D1", "", "O", 47.24, 27.56, 0, 270],
		[98, "U1_56", 531.5, 118.11, "B", "SMD", "EMMC_CMD", "", "O", 47.24, 27.56, 0, 270],
		[99, "U1_57", 492.13, 118.11, "B", "SMD", "EMMC_DATA_STROBE", "", "O", 47.24, 27.56, 0, 270],
		[100, "U1_58", 452.76, 118.11, "B", "SMD", "EMMC_RSTN", "", "O", 47.24, 27.56, 0, 270],
		[101, "U1_59", 413.39, 118.11, "B", "SMD", "SDMMC1_CLK", "", "O", 47.24, 27.56, 0, 270],
		[102, "U1_60", 374.01, 118.11, "B", "SMD", "SDMMC1_D1", "", "O", 47.24, 27.56, 0, 270],
		[103, "U1_61", 334.64, 118.11, "B", "SMD", "I2S2_LRCK_TX_M0", "", "O", 47.24, 27.56, 0, 270],
		[104, "U1_62", 295.27, 118.11, "B", "SMD", "UART1_RX_M0", "", "O", 47.24, 27.56, 0, 270],
		[105, "U1_63", 196.85, 216.54, "B", "SMD", "I2S2_SDO_M0", "", "O", 47.24, 27.56, 0, 180],
		[106, "U1_64", 196.85, 255.91, "B", "SMD", "SDMMC1_D3", "", "O", 47.24, 27.56, 0, 180],
		[107, "U1_65", 196.85, 295.28, "B", "SMD", "SDMMC1_D0", "", "O", 47.24, 27.56, 0, 180],
		[108, "U1_66", 196.85, 334.65, "B", "SMD", "SDMMC1_D2", "", "O", 47.24, 27.56, 0, 180],
		[109, "U1_67", 196.85, 374.02, "B", "SMD", "I2S1_SDO0_M0_PMIC", "", "O", 47.24, 27.56, 0, 180],
		[110, "U1_68", 196.85, 413.39, "B", "SMD", "I2S1_LRCK_TX_M0_PMIC", "", "O", 47.24, 27.56, 0, 180],
		[111, "U1_69", 196.85, 452.76, "B", "SMD", "I2S1_SCLK_TX_M0_PMIC", "", "O", 47.24, 27.56, 0, 180],
		[112, "U1_70", 196.85, 492.13, "B", "SMD", "I2S1_MCLK_M0_PMIC", "", "O", 47.24, 27.56, 0, 180],
		[113, "U1_71", 196.85, 531.5, "B", "SMD", "VCC_DDR", "", "O", 47.24, 27.56, 0, 180],
		[114, "U1_72", 196.85, 570.87, "B", "SMD", "VCC_DDR", "", "O", 47.24, 27.56, 0, 180],
		[115, "U1_73", 196.85, 610.24, "B", "SMD", "VCC_DDR", "", "O", 47.24, 27.56, 0, 180],
		[116, "U1_74", 196.85, 649.61, "B", "SMD", "VCC_DDR", "", "O", 47.24, 27.56, 0, 180],
		[117, "U1_75", 196.85, 688.98, "B", "SMD", "VCC_DDR", "", "O", 47.24, 27.56, 0, 180],
		[118, "U1_76", 196.85, 728.35, "B", "SMD", "VCC_DDR", "", "O", 47.24, 27.56, 0, 180],
		[119, "U1_77", 196.85, 767.72, "B", "SMD", "GND", "GND", "O", 47.24, 27.56, 0, 180],
		[120, "U1_78", 196.85, 807.09, "B", "SMD", "GND", "GND", "O", 47.24, 27.56, 0, 180],
		[121, "U1_79", 196.85, 846.46, "B", "SMD", "GND", "GND", "O", 47.24, 27.56, 0, 180],
		[122, "U1_80", 196.85, 885.83, "B", "SMD", "GND", "GND", "O", 47.24, 27.56, 0, 180],
		[123, "U1_81", 196.85, 925.2, "B", "SMD", "GND", "GND", "O", 47.24, 27.56, 0, 180],
		[124, "U1_82", 196.85, 964.57, "B", "SMD", "GND", "GND", "O", 47.24, 27.56, 0, 180],
		[125, "U1_83", 196.85, 1003.94, "B", "SMD", "GND", "GND", "O", 47.24, 27.56, 0, 180],
		[126, "U1_84", 196.85, 1043.31, "B", "SMD", "GND", "GND", "O", 47.24, 27.56, 0, 180],
		[127, "U1_85", 196.85, 1082.68, "B", "SMD", "GND", "GND", "O", 47.24, 27.56, 0, 180],
		[128, "U1_86", 196.85, 1122.05, "B", "SMD", "GND", "GND", "O", 47.24, 27.56, 0, 180],
		[129, "U1_87", 196.85, 1161.42, "B", "SMD", "GND", "GND", "O", 47.24, 27.56, 0, 180],
		[130, "U1_88", 196.85, 1200.79, "B", "SMD", "GND", "GND", "O", 47.24, 27.56, 0, 180],
		[131, "U1_89", 295.28, 1299.21, "B", "SMD", "PDM_CLK0_M0_PMIC", "", "O", 47.24, 27.56, 0, 90],
		[132, "U1_90", 334.65, 1299.21, "B", "SMD", "I2S1_SDI0_M0/PDM", "", "O", 47.24, 27.56, 0, 90],
		[133, "U1_91", 374.02, 1299.21, "B", "SMD", "LED", "", "O", 47.24, 27.56, 0, 90],
		[134, "U1_92", 413.39, 1299.21, "B", "SMD", "USB2_HOST2_DM", "", "O", 47.24, 27.56, 0, 90],
		[135, "U1_93", 452.76, 1299.21, "B", "SMD", "USB2_HOST2_DP", "", "O", 47.24, 27.56, 0, 90],
		[136, "U1_94", 492.13, 1299.21, "B", "SMD", "SPI3_CLK_M1", "", "O", 47.24, 27.56, 0, 90],
		[137, "U1_95", 531.5, 1299.21, "B", "SMD", "TFT_REC", "", "O", 47.24, 27.56, 0, 90],
		[138, "U1_96", 570.87, 1299.21, "B", "SMD", "SPI3_MOSI_M1", "", "O", 47.24, 27.56, 0, 90],
		[139, "U1_97", 610.24, 1299.21, "B", "SMD", "TFT_BLK", "", "O", 47.24, 27.56, 0, 90],
		[140, "U1_98", 649.61, 1299.21, "B", "SMD", "TFT_DC", "", "O", 47.24, 27.56, 0, 90],
		[141, "U1_99", 688.98, 1299.21, "B", "SMD", "VCCIO_SD", "", "O", 47.24, 27.56, 0, 90],
		[142, "U1_100", 728.35, 1299.21, "B", "SMD", "U1_100", "", "O", 47.24, 27.56, 0, 90],
		[143, "U1_101", 767.72, 1299.21, "B", "SMD", "U1_101", "", "O", 47.24, 27.56, 0, 90],
		[144, "U1_102", 807.09, 1299.21, "B", "SMD", "U1_102", "", "O", 47.24, 27.56, 0, 90],
		[145, "U1_103", 846.46, 1299.21, "B", "SMD", "U1_103", "", "O", 47.24, 27.56, 0, 90],
		[146, "U1_104", 885.83, 1299.21, "B", "SMD", "U1_104", "", "O", 47.24, 27.56, 0, 90],
		[147, "U1_105", 925.2, 1299.21, "B", "SMD", "U1_105", "", "O", 47.24, 27.56, 0, 90],
		[148, "U1_106", 964.57, 1299.21, "B", "SMD", "VDD_LOGIC_BACK", "", "O", 47.24, 27.56, 0, 90],
		[149, "U1_107", 1003.94, 1299.21, "B", "SMD", "VDD_LOGIC", "", "O", 47.24, 27.56, 0, 90],
		[150, "U1_108", 1043.31, 1299.21, "B", "SMD", "VDD_LOGIC", "", "O", 47.24, 27.56, 0, 90],
		[151, "U1_109", 1082.68, 1299.21, "B", "SMD", "VDD_LOGIC", "", "O", 47.24, 27.56, 0, 90],
		[152, "U1_110", 1122.05, 1299.21, "B", "SMD", "VDD_LOGIC", "", "O", 47.24, 27.56, 0, 90],
		[153, "U1_111", 1161.42, 1299.21, "B", "SMD", "SARADC_VIN0", "", "O", 47.24, 27.56, 0, 90],
		[154, "U1_112", 1200.79, 1299.21, "B", "SMD", "VDD_GPU_BACK", "", "O", 47.24, 27.56, 0, 90],
		[155, "U1_113", 1240.16, 1299.21, "B", "SMD", "VDD_GPU", "", "O", 47.24, 27.56, 0, 90],
		[156, "U1_114", 1279.53, 1299.21, "B", "SMD", "VDD_GPU", "", "O", 47.24, 27.56, 0, 90],
		[157, "U1_115", 1318.9, 1299.21, "B", "SMD", "VDD_GPU", "", "O", 47.24, 27.56, 0, 90],
		[158, "U1_116", 1358.27, 1299.21, "B", "SMD", "VCC_3V3", "", "O", 47.24, 27.56, 0, 90],
		[159, "U1_117", 1397.64, 1299.21, "B", "SMD", "VCC_3V3", "", "O", 47.24, 27.56, 0, 90],
		[160, "U1_118", 1437.01, 1299.21, "B", "SMD", "UART2_TX_M0_DEBUG", "", "O", 47.24, 27.56, 0, 90],
		[161, "U1_119", 1476.38, 1299.21, "B", "SMD", "UART2_RX_M0_DEBUG", "", "O", 47.24, 27.56, 0, 90],
		[162, "U1_120", 1515.75, 1299.21, "B", "SMD", "VDDA0V9_PMU", "", "O", 47.24, 27.56, 0, 90],
		[163, "U1_121", 1555.12, 1299.21, "B", "SMD", "VCC1V8_DDR", "", "O", 47.24, 27.56, 0, 90],
		[164, "U1_122", 1594.49, 1299.21, "B", "SMD", "VCCA_1V8", "", "O", 47.24, 27.56, 0, 90],
		[165, "U1_123", 1633.86, 1299.21, "B", "SMD", "VDDA_0V9", "", "O", 47.24, 27.56, 0, 90],
		[166, "U1_124", 1673.23, 1299.21, "B", "SMD", "VCCIO_ACODEC", "", "O", 47.24, 27.56, 0, 90],
		[167, "U2_1", 1771.65, 1200.79, "T", "SMD", "U2_1", "", "O", 47.24, 27.56, 0, 0],
		[168, "U2_2", 1771.65, 1161.42, "T", "SMD", "VDDA0V9_IMAGE", "", "O", 47.24, 27.56, 0, 0],
		[169, "U2_3", 1771.65, 1122.05, "T", "SMD", "VCCA1V8_IMAGE", "", "O", 47.24, 27.56, 0, 0],
		[170, "U2_4", 1771.65, 1082.68, "T", "SMD", "GND", "GND", "O", 47.24, 27.56, 0, 0],
		[171, "U2_5", 1771.65, 1043.31, "T", "SMD", "GND", "GND", "O", 47.24, 27.56, 0, 0],
		[172, "U2_6", 1771.65, 1003.94, "T", "SMD", "GND", "GND", "O", 47.24, 27.56, 0, 0],
		[173, "U2_7", 1771.65, 964.57, "T", "SMD", "VCC_1V8", "", "O", 47.24, 27.56, 0, 0],
		[174, "U2_8", 1771.65, 925.2, "T", "SMD", "GND", "GND", "O", 47.24, 27.56, 0, 0],
		[175, "U2_9", 1771.65, 885.83, "T", "SMD", "GND", "GND", "O", 47.24, 27.56, 0, 0],
		[176, "U2_10", 1771.65, 846.46, "T", "SMD", "GND", "GND", "O", 47.24, 27.56, 0, 0],
		[177, "U2_11", 1771.65, 807.09, "T", "SMD", "GND", "GND", "O", 47.24, 27.56, 0, 0],
		[178, "U2_12", 1771.65, 767.72, "T", "SMD", "GND", "GND", "O", 47.24, 27.56, 0, 0],
		[179, "U2_13", 1771.65, 728.35, "T", "SMD", "GND", "GND", "O", 47.24, 27.56, 0, 0],
		[180, "U2_14", 1771.65, 688.98, "T", "SMD", "GND", "GND", "O", 47.24, 27.56, 0, 0],
		[181, "U2_15", 1771.65, 649.61, "T", "SMD", "GND", "GND", "O", 47.24, 27.56, 0, 0],
		[182, "U2_16", 1771.65, 610.24, "T", "SMD", "I2C0_SDA_PMIC", "", "O", 47.24, 27.56, 0, 0],
		[183, "U2_17", 1771.65, 570.87, "T", "SMD", "I2C0_SCL_PMIC", "", "O", 47.24, 27.56, 0, 0],
		[184, "U2_18", 1771.65, 531.5, "T", "SMD", "VCC3V3_PMU", "", "O", 47.24, 27.56, 0, 0],
		[185, "U2_19", 1771.65, 492.13, "T", "SMD", "RESETN", "", "O", 47.24, 27.56, 0, 0],
		[186, "U2_20", 1771.65, 452.76, "T", "SMD", "U2_20", "", "O", 47.24, 27.56, 0, 0],
		[187, "U2_21", 1771.65, 413.39, "T", "SMD", "PMIC_INT_L", "", "O", 47.24, 27.56, 0, 0],
		[188, "U2_22", 1771.65, 374.02, "T", "SMD", "PMIC_SLEEP_H", "", "O", 47.24, 27.56, 0, 0],
		[189, "U2_23", 1771.65, 334.65, "T", "SMD", "VCC_5V", "", "O", 47.24, 27.56, 0, 0],
		[190, "U2_24", 1771.65, 295.28, "T", "SMD", "VCC_5V", "", "O", 47.24, 27.56, 0, 0],
		[191, "U2_25", 1771.65, 255.91, "T", "SMD", "VCC_5V", "", "O", 47.24, 27.56, 0, 0],
		[192, "U2_26", 1771.65, 216.53, "T", "SMD", "UART1_TX_M0", "", "O", 47.24, 27.56, 0, 0],
		[193, "U2_27", 1673.23, 118.11, "T", "SMD", "UART1_CTSN_M0", "", "O", 47.24, 27.56, 0, 270],
		[194, "U2_28", 1633.86, 118.11, "T", "SMD", "UART1_RTSN_M0", "", "O", 47.24, 27.56, 0, 270],
		[195, "U2_29", 1594.49, 118.11, "T", "SMD", "I2S2_SDI_M0", "", "O", 47.24, 27.56, 0, 270],
		[196, "U2_30", 1555.12, 118.11, "T", "SMD", "BT_REG_ON_H", "", "O", 47.24, 27.56, 0, 270],
		[197, "U2_31", 1515.75, 118.11, "T", "SMD", "I2S2_SCLK_TX_M0", "", "O", 47.24, 27.56, 0, 270],
		[198, "U2_32", 1476.38, 118.11, "T", "SMD", "VDD_NPU_BACK", "", "O", 47.24, 27.56, 0, 270],
		[199, "U2_33", 1437.01, 118.11, "T", "SMD", "VDD_NPU", "", "O", 47.24, 27.56, 0, 270],
		[200, "U2_34", 1397.64, 118.11, "T", "SMD", "VDD_NPU", "", "O", 47.24, 27.56, 0, 270],
		[201, "U2_35", 1358.27, 118.11, "T", "SMD", "VDD_NPU", "", "O", 47.24, 27.56, 0, 270],
		[202, "U2_36", 1318.9, 118.11, "T", "SMD", "VDD_NPU", "", "O", 47.24, 27.56, 0, 270],
		[203, "U2_37", 1279.53, 118.11, "T", "SMD", "BT_WAKE_HOST_H", "", "O", 47.24, 27.56, 0, 270],
		[204, "U2_38", 1240.16, 118.11, "T", "SMD", "HOST_WAKE_BT_H", "", "O", 47.24, 27.56, 0, 270],
		[205, "U2_39", 1200.79, 118.11, "T", "SMD", "SDMMC1_CMD", "", "O", 47.24, 27.56, 0, 270],
		[206, "U2_40", 1161.42, 118.11, "T", "SMD", "WIFI_REG_ON_H", "", "O", 47.24, 27.56, 0, 270],
		[207, "U2_41", 1122.05, 118.11, "T", "SMD", "WIFI_WAKE_HOST_H", "", "O", 47.24, 27.56, 0, 270],
		[208, "U2_42", 1082.68, 118.11, "T", "SMD", "VDD_CPU", "", "O", 47.24, 27.56, 0, 270],
		[209, "U2_43", 1043.31, 118.11, "T", "SMD", "VDD_CPU", "", "O", 47.24, 27.56, 0, 270],
		[210, "U2_44", 1003.94, 118.11, "T", "SMD", "VDD_CPU", "", "O", 47.24, 27.56, 0, 270],
		[211, "U2_45", 964.57, 118.11, "T", "SMD", "VDD_CPU", "", "O", 47.24, 27.56, 0, 270],
		[212, "U2_46", 925.2, 118.11, "T", "SMD", "VDD_CPU_BACK", "", "O", 47.24, 27.56, 0, 270],
		[213, "U2_47", 885.83, 118.11, "T", "SMD", "EMMC_D4", "", "O", 47.24, 27.56, 0, 270],
		[214, "U2_48", 846.46, 118.11, "T", "SMD", "EMMC_D7", "", "O", 47.24, 27.56, 0, 270],
		[215, "U2_49", 807.09, 118.11, "T", "SMD", "EMMC_D0", "", "O", 47.24, 27.56, 0, 270],
		[216, "U2_50", 767.72, 118.11, "T", "SMD", "EMMC_D2", "", "O", 47.24, 27.56, 0, 270],
		[217, "U2_51", 728.35, 118.11, "T", "SMD", "EMMC_D6", "", "O", 47.24, 27.56, 0, 270],
		[218, "U2_52", 688.98, 118.11, "T", "SMD", "EMMC_D5", "", "O", 47.24, 27.56, 0, 270],
		[219, "U2_53", 649.61, 118.11, "T", "SMD", "EMMC_CLKOUT", "", "O", 47.24, 27.56, 0, 270],
		[220, "U2_54", 610.24, 118.11, "T", "SMD", "EMMC_D3", "", "O", 47.24, 27.56, 0, 270],
		[221, "U2_55", 570.87, 118.11, "T", "SMD", "EMMC_D1", "", "O", 47.24, 27.56, 0, 270],
		[222, "U2_56", 531.5, 118.11, "T", "SMD", "EMMC_CMD", "", "O", 47.24, 27.56, 0, 270],
		[223, "U2_57", 492.13, 118.11, "T", "SMD", "EMMC_DATA_STROBE", "", "O", 47.24, 27.56, 0, 270],
		[224, "U2_58", 452.76, 118.11, "T", "SMD", "EMMC_RSTN", "", "O", 47.24, 27.56, 0, 270],
		[225, "U2_59", 413.39, 118.11, "T", "SMD", "SDMMC1_CLK", "", "O", 47.24, 27.56, 0, 270],
		[226, "U2_60", 374.02, 118.11, "T", "SMD", "SDMMC1_D1", "", "O", 47.24, 27.56, 0, 270],
		[227, "U2_61", 334.64, 118.11, "T", "SMD", "I2S2_LRCK_TX_M0", "", "O", 47.24, 27.56, 0, 270],
		[228, "U2_62", 295.27, 118.11, "T", "SMD", "UART1_RX_M0", "", "O", 47.24, 27.56, 0, 270],
		[229, "U2_63", 196.85, 216.54, "T", "SMD", "I2S2_SDO_M0", "", "O", 47.24, 27.56, 0, 180],
		[230, "U2_64", 196.85, 255.91, "T", "SMD", "SDMMC1_D3", "", "O", 47.24, 27.56, 0, 180],
		[231, "U2_65", 196.85, 295.28, "T", "SMD", "SDMMC1_D0", "", "O", 47.24, 27.56, 0, 180],
		[232, "U2_66", 196.85, 334.65, "T", "SMD", "SDMMC1_D2", "", "O", 47.24, 27.56, 0, 180],
		[233, "U2_67", 196.85, 374.02, "T", "SMD", "I2S1_SDO0_M0_PMIC", "", "O", 47.24, 27.56, 0, 180],
		[234, "U2_68", 196.85, 413.39, "T", "SMD", "I2S1_LRCK_TX_M0_PMIC", "", "O", 47.24, 27.56, 0, 180],
		[235, "U2_69", 196.85, 452.76, "T", "SMD", "I2S1_SCLK_TX_M0_PMIC", "", "O", 47.24, 27.56, 0, 180],
		[236, "U2_70", 196.85, 492.13, "T", "SMD", "I2S1_MCLK_M0_PMIC", "", "O", 47.24, 27.56, 0, 180],
		[237, "U2_71", 196.85, 531.5, "T", "SMD", "VCC_DDR", "", "O", 47.24, 27.56, 0, 180],
		[238, "U2_72", 196.85, 570.87, "T", "SMD", "VCC_DDR", "", "O", 47.24, 27.56, 0, 180],
		[239, "U2_73", 196.85, 610.24, "T", "SMD", "VCC_DDR", "", "O", 47.24, 27.56, 0, 180],
		[240, "U2_74", 196.85, 649.61, "T", "SMD", "VCC_DDR", "", "O", 47.24, 27.56, 0, 180],
		[241, "U2_75", 196.85, 688.98, "T", "SMD", "VCC_DDR", "", "O", 47.24, 27.56, 0, 180],
		[242, "U2_76", 196.85, 728.35, "T", "SMD", "VCC_DDR", "", "O", 47.24, 27.56, 0, 180],
		[243, "U2_77", 196.85, 767.72, "T", "SMD", "GND", "GND", "O", 47.24, 27.56, 0, 180],
		[244, "U2_78", 196.85, 807.09, "T", "SMD", "GND", "GND", "O", 47.24, 27.56, 0, 180],
		[245, "U2_79", 196.85, 846.46, "T", "SMD", "GND", "GND", "O", 47.24, 27.56, 0, 180],
		[246, "U2_80", 196.85, 885.83, "T", "SMD", "GND", "GND", "O", 47.24, 27.56, 0, 180],
		[247, "U2_81", 196.85, 925.2, "T", "SMD", "GND", "GND", "O", 47.24, 27.56, 0, 180],
		[248, "U2_82", 196.85, 964.57, "T", "SMD", "GND", "GND", "O", 47.24, 27.56, 0, 180],
		[249, "U2_83", 196.85, 1003.94, "T", "SMD", "GND", "GND", "O", 47.24, 27.56, 0, 180],
		[250, "U2_84", 196.85, 1043.31, "T", "SMD", "GND", "GND", "O", 47.24, 27.56, 0, 180],
		[251, "U2_85", 196.85, 1082.68, "T", "SMD", "GND", "GND", "O", 47.24, 27.56, 0, 180],
		[252, "U2_86", 196.85, 1122.05, "T", "SMD", "GND", "GND", "O", 47.24, 27.56, 0, 180],
		[253, "U2_87", 196.85, 1161.42, "T", "SMD", "GND", "GND", "O", 47.24, 27.56, 0, 180],
		[254, "U2_88", 196.85, 1200.79, "T", "SMD", "GND", "GND", "O", 47.24, 27.56, 0, 180],
		[255, "U2_89", 295.28, 1299.21, "T", "SMD", "PDM_CLK0_M0_PMIC", "", "O", 47.24, 27.56, 0, 90],
		[256, "U2_90", 334.65, 1299.21, "T", "SMD", "I2S1_SDI0_M0/PDM", "", "O", 47.24, 27.56, 0, 90],
		[257, "U2_91", 374.02, 1299.21, "T", "SMD", "GND", "GND", "O", 47.24, 27.56, 0, 90],
		[258, "U2_92", 413.39, 1299.21, "T", "SMD", "GND", "GND", "O", 47.24, 27.56, 0, 90],
		[259, "U2_93", 452.76, 1299.21, "T", "SMD", "GND", "GND", "O", 47.24, 27.56, 0, 90],
		[260, "U2_94", 492.13, 1299.21, "T", "SMD", "GND", "GND", "O", 47.24, 27.56, 0, 90],
		[261, "U2_95", 531.5, 1299.21, "T", "SMD", "GND", "GND", "O", 47.24, 27.56, 0, 90],
		[262, "U2_96", 570.87, 1299.21, "T", "SMD", "U2_96", "", "O", 47.24, 27.56, 0, 90],
		[263, "U2_97", 610.24, 1299.21, "T", "SMD", "U2_97", "", "O", 47.24, 27.56, 0, 90],
		[264, "U2_98", 649.61, 1299.21, "T", "SMD", "U2_98", "", "O", 47.24, 27.56, 0, 90],
		[265, "U2_99", 688.98, 1299.21, "T", "SMD", "VCCIO_SD", "", "O", 47.24, 27.56, 0, 90],
		[266, "U2_100", 728.35, 1299.21, "T", "SMD", "U2_100", "", "O", 47.24, 27.56, 0, 90],
		[267, "U2_101", 767.72, 1299.21, "T", "SMD", "U2_101", "", "O", 47.24, 27.56, 0, 90],
		[268, "U2_102", 807.09, 1299.21, "T", "SMD", "U2_102", "", "O", 47.24, 27.56, 0, 90],
		[269, "U2_103", 846.46, 1299.21, "T", "SMD", "U2_103", "", "O", 47.24, 27.56, 0, 90],
		[270, "U2_104", 885.83, 1299.21, "T", "SMD", "U2_104", "", "O", 47.24, 27.56, 0, 90],
		[271, "U2_105", 925.2, 1299.21, "T", "SMD", "U2_105", "", "O", 47.24, 27.56, 0, 90],
		[272, "U2_106", 964.57, 1299.21, "T", "SMD", "VDD_LOGIC_BACK", "", "O", 47.24, 27.56, 0, 90],
		[273, "U2_107", 1003.94, 1299.21, "T", "SMD", "VDD_LOGIC", "", "O", 47.24, 27.56, 0, 90],
		[274, "U2_108", 1043.31, 1299.21, "T", "SMD", "VDD_LOGIC", "", "O", 47.24, 27.56, 0, 90],
		[275, "U2_109", 1082.68, 1299.21, "T", "SMD", "VDD_LOGIC", "", "O", 47.24, 27.56, 0, 90],
		[276, "U2_110", 1122.05, 1299.21, "T", "SMD", "VDD_LOGIC", "", "O", 47.24, 27.56, 0, 90],
		[277, "U2_111", 1161.42, 1299.21, "T", "SMD", "SARADC_VIN0", "", "O", 47.24, 27.56, 0, 90],
		[278, "U2_112", 1200.79, 1299.21, "T", "SMD", "VDD_GPU_BACK", "", "O", 47.24, 27.56, 0, 90],
		[279, "U2_113", 1240.16, 1299.21, "T", "SMD", "VDD_GPU", "", "O", 47.24, 27.56, 0, 90],
		[280, "U2_114", 1279.53, 1299.21, "T", "SMD", "VDD_GPU", "", "O", 47.24, 27.56, 0, 90],
		[281, "U2_115", 1318.9, 1299.21, "T", "SMD", "VDD_GPU", "", "O", 47.24, 27.56, 0, 90],
		[282, "U2_116", 1358.27, 1299.21, "T", "SMD", "VCC_3V3", "", "O", 47.24, 27.56, 0, 90],
		[283, "U2_117", 1397.64, 1299.21, "T", "SMD", "VCC_3V3", "", "O", 47.24, 27.56, 0, 90],
		[284, "U2_118", 1437.01, 1299.21, "T", "SMD", "UART2_TX_M0_DEBUG", "", "O", 47.24, 27.56, 0, 90],
		[285, "U2_119", 1476.38, 1299.21, "T", "SMD", "UART2_RX_M0_DEBUG", "", "O", 47.24, 27.56, 0, 90],
		[286, "U2_120", 1515.75, 1299.21, "T", "SMD", "VDDA0V9_PMU", "", "O", 47.24, 27.56, 0, 90],
		[287, "U2_121", 1555.12, 1299.21, "T", "SMD", "VCC1V8_DDR", "", "O", 47.24, 27.56, 0, 90],
		[288, "U2_122", 1594.49, 1299.21, "T", "SMD", "VCCA_1V8", "", "O", 47.24, 27.56, 0, 90],
		[289, "U2_123", 1633.86, 1299.21, "T", "SMD", "VDDA_0V9", "", "O", 47.24, 27.56, 0, 90],
		[290, "U2_124", 1673.23, 1299.21, "T", "SMD", "VCCIO_ACODEC", "", "O", 47.24, 27.56, 0, 90],
		[291, "U3_1", 78.74, 535.43, "T", "SMD", "GND", "GND", "R", 118.11, 19.68, 0, 0],
		[292, "U3_2", 78.74, 566.93, "T", "SMD", "$R125_1", "", "R", 118.11, 19.68, 0, 0],
		[293, "U3_3", 78.74, 598.43, "T", "SMD", "VCC_3V3", "", "R", 118.11, 19.68, 0, 0],
		[294, "U3_4", 78.74, 629.92, "T", "SMD", "VCC_3V3", "", "R", 118.11, 19.68, 0, 0],
		[295, "U3_5", 78.74, 661.42, "T", "SMD", "GND", "GND", "R", 118.11, 19.68, 0, 0],
		[296, "U3_6", 78.74, 692.91, "T", "SMD", "GND", "GND", "R", 118.11, 19.68, 0, 0],
		[297, "U3_7", 78.74, 724.41, "T", "SMD", "TFT_DC", "", "R", 118.11, 19.68, 0, 0],
		[298, "U3_8", 78.74, 755.91, "T", "SMD", "GND", "GND", "R", 118.11, 19.68, 0, 0],
		[299, "U3_9", 78.74, 787.4, "T", "SMD", "SPI3_CLK_M1", "", "R", 118.11, 19.68, 0, 0],
		[300, "U3_10", 78.74, 818.9, "T", "SMD", "SPI3_MOSI_M1", "", "R", 118.11, 19.68, 0, 0],
		[301, "U3_11", 78.74, 850.39, "T", "SMD", "TFT_REC", "", "R", 118.11, 19.68, 0, 0],
		[302, "U3_12", 78.74, 881.89, "T", "SMD", "GND", "GND", "R", 118.11, 19.68, 0, 0],
		[303, "U4_1", 1968.5, 758.66, "T", "DIP", "GND", "GND", "C", 62.99, 62.99, 43.31, 270],
		[304, "U4_1", 1968.5, 758.66, "B", "DIP", "GND", "GND", "C", 62.99, 62.99, 43.31, 270],
		[305, "U4_2", 1968.5, 658.66, "T", "DIP", "VCC_5V", "", "C", 62.99, 62.99, 43.31, 270],
		[306, "U4_2", 1968.5, 658.66, "B", "DIP", "VCC_5V", "", "C", 62.99, 62.99, 43.31, 270],
		[307, "USB1_1", 1880.41, 223.62, "T", "DIP", "GND", "GND", "O", 47.24, 78.74, 62.99, 90],
		[308, "USB1_1", 1880.41, 223.62, "B", "DIP", "GND", "GND", "O", 47.24, 78.74, 62.99, 90],
		[309, "USB1_1", 1880.41, 563.78, "T", "DIP", "GND", "GND", "O", 47.24, 78.74, 62.99, 90],
		[310, "USB1_1", 1880.41, 563.78, "B", "DIP", "GND", "GND", "O", 47.24, 78.74, 62.99, 90],
		[311, "USB1_1", 2043.8, 563.78, "T", "DIP", "GND", "GND", "O", 47.24, 70.87, 55.12, 90],
		[312, "USB1_1", 2043.8, 563.78, "B", "DIP", "GND", "GND", "O", 47.24, 70.87, 55.12, 90],
		[313, "USB1_1", 2043.8, 223.62, "T", "DIP", "GND", "GND", "O", 47.24, 70.87, 55.12, 90],
		[314, "USB1_1", 2043.8, 223.62, "B", "DIP", "GND", "GND", "O", 47.24, 70.87, 55.12, 90],
		[315, "USB1_5V_1", 1853.82, 299.41, "T", "SMD", "VCC_5V", "", "R", 23.62, 45.28, 0, 90],
		[316, "USB1_5V_2", 1853.82, 487.99, "T", "SMD", "VCC_5V", "", "R", 23.62, 45.28, 0, 90],
		[317, "USB1_A5", 1853.83, 344.69, "T", "SMD", "$R66_1", "", "R", 11.81, 45.28, 0, 90],
		[318, "USB1_A6", 1853.83, 384.06, "T", "SMD", "USB_OTG0_P", "", "R", 11.81, 45.28, 0, 90],
		[319, "USB1_A7", 1853.83, 403.74, "T", "SMD", "USB_OTG0_N", "", "R", 11.81, 45.28, 0, 90],
		[320, "USB1_A8", 1853.83, 443.11, "T", "SMD", "USB1_A8", "", "R", 11.81, 45.28, 0, 90],
		[321, "USB1_B5", 1853.83, 462.8, "T", "SMD", "$R121_2", "", "R", 11.81, 45.28, 0, 90],
		[322, "USB1_B6", 1853.83, 423.43, "T", "SMD", "USB_OTG0_P", "", "R", 11.81, 45.28, 0, 90],
		[323, "USB1_B7", 1853.83, 364.37, "T", "SMD", "USB_OTG0_N", "", "R", 11.81, 45.28, 0, 90],
		[324, "USB1_B8", 1853.83, 325, "T", "SMD", "USB1_B8", "", "R", 11.81, 45.28, 0, 90],
		[325, "USB1_GND1", 1853.82, 267.91, "T", "SMD", "GND", "GND", "R", 23.62, 45.28, 0, 90],
		[326, "USB1_GND2", 1853.82, 519.49, "T", "SMD", "GND", "GND", "R", 23.62, 45.28, 0, 90],
		[327, "USB2_1", 1880.41, 853.54, "T", "DIP", "GND", "GND", "O", 47.24, 78.74, 62.99, 90],
		[328, "USB2_1", 1880.41, 853.54, "B", "DIP", "GND", "GND", "O", 47.24, 78.74, 62.99, 90],
		[329, "USB2_1", 1880.41, 1193.7, "T", "DIP", "GND", "GND", "O", 47.24, 78.74, 62.99, 90],
		[330, "USB2_1", 1880.41, 1193.7, "B", "DIP", "GND", "GND", "O", 47.24, 78.74, 62.99, 90],
		[331, "USB2_1", 2043.8, 1193.7, "T", "DIP", "GND", "GND", "O", 47.24, 70.87, 55.12, 90],
		[332, "USB2_1", 2043.8, 1193.7, "B", "DIP", "GND", "GND", "O", 47.24, 70.87, 55.12, 90],
		[333, "USB2_1", 2043.8, 853.54, "T", "DIP", "GND", "GND", "O", 47.24, 70.87, 55.12, 90],
		[334, "USB2_1", 2043.8, 853.54, "B", "DIP", "GND", "GND", "O", 47.24, 70.87, 55.12, 90],
		[335, "USB2_5V_1", 1853.82, 929.33, "T", "SMD", "VCC_5V", "", "R", 23.62, 45.28, 0, 90],
		[336, "USB2_5V_2", 1853.82, 1117.91, "T", "SMD", "VCC_5V", "", "R", 23.62, 45.28, 0, 90],
		[337, "USB2_A5", 1853.83, 974.61, "T", "SMD", "$R122_1", "", "R", 11.81, 45.28, 0, 90],
		[338, "USB2_A6", 1853.83, 1013.98, "T", "SMD", "USB_HOST2_P", "", "R", 11.81, 45.28, 0, 90],
		[339, "USB2_A7", 1853.83, 1033.66, "T", "SMD", "USB_HOST2_N", "", "R", 11.81, 45.28, 0, 90],
		[340, "USB2_A8", 1853.83, 1073.03, "T", "SMD", "USB2_A8", "", "R", 11.81, 45.28, 0, 90],
		[341, "USB2_B5", 1853.83, 1092.72, "T", "SMD", "$R123_2", "", "R", 11.81, 45.28, 0, 90],
		[342, "USB2_B6", 1853.83, 1053.35, "T", "SMD", "USB_HOST2_P", "", "R", 11.81, 45.28, 0, 90],
		[343, "USB2_B7", 1853.83, 994.29, "T", "SMD", "USB_HOST2_N", "", "R", 11.81, 45.28, 0, 90],
		[344, "USB2_B8", 1853.83, 954.92, "T", "SMD", "USB2_B8", "", "R", 11.81, 45.28, 0, 90],
		[345, "USB2_GND1", 1853.82, 897.83, "T", "SMD", "GND", "GND", "R", 23.62, 45.28, 0, 90],
		[346, "USB2_GND2", 1853.82, 1149.41, "T", "SMD", "GND", "GND", "R", 23.62, 45.28, 0, 90],
		[347, "PAD1_1", 59.06, 787.4, "B", "SMD", "TFT_BLK", "", "O", 78.74, 59.06, 0, 0],
		[348, "PAD2_2", 59.06, 708.66, "B", "SMD", "GND", "GND", "O", 78.74, 59.06, 0, 0],
		[349, "PAD3_3", 59.06, 629.92, "B", "SMD", "VCC_3V3", "", "O", 78.74, 59.06, 0, 0],
		[350, "PAD4_1", 1889.76, 748.03, "T", "SMD", "GND", "GND", "O", 78.74, 59.06, 0, 0],
		[351, "PAD5_2", 1889.76, 669.29, "T", "SMD", "VCC_5V", "", "O", 78.74, 59.06, 0, 0],
		[352, "PAD6_1", 1374.8, 1370.08, "T", "SMD", "UART2_TX_M0_DEBUG", "", "O", 59.06, 39.37, 0, 90],
		[353, "PAD7_2", 1474.8, 1370.08, "T", "SMD", "UART2_RX_M0_DEBUG", "", "O", 59.06, 39.37, 0, 90],
		[354, "PAD8_3", 1574.8, 1370.08, "T", "SMD", "GND", "GND", "O", 59.06, 39.37, 0, 90]
	]
}
}